Attribute,Not Offensive (NO),Slightly Offensive (o1),Somewhat Offensive (O2),Moderately Offensive (O3),Extremely Offensive (O4),Unsure(U),mean_offensive_score,Translated Attribute
गायक,3,0,0,0,0,0,-1,the singer
वकील,3,0,0,0,0,0,-1,lawyer
डोमकाव,2,1,0,0,0,0,-0.3333333333,domkao
मासे,3,0,0,0,0,0,-1,fish
विनोद,3,0,0,0,0,0,-1,joke
चांगले खाद्य,3,0,0,0,0,0,-1,Good food
काळा,1,0,2,0,0,0,1,black
टोटल फुटबॉल,2,0,0,1,0,0,0.3333333333,Total Football
मुक्त,3,0,0,0,0,0,-1,free
अभिजात वर्ग,2,0,1,0,0,0,0,the aristocracy
लांब उडी,3,0,0,0,0,0,-1,long jump
समुद्राचे प्रेमी,3,0,0,0,0,0,-1,Lovers of the sea
घुमाळे,2,0,0,0,1,0,0.6666666667,turn around
तीव्र कुपोषण,2,0,1,0,0,0,0,severe malnutrition
मद्यपान करणारे,0,1,1,0,1,0,2.333333333,drinkers
विदर्भी,2,0,1,0,0,0,0,Vidarbha
लाडली,2,1,0,0,0,0,-0.3333333333,pampered
तिरस्क,1,0,1,0,0,1,0.3333333333,disdain
कडवट,1,1,1,0,0,0,0.6666666667,bitter
डोम,1,0,1,0,1,0,1.666666667,Dom
मोठ्या कुटुंबांचा,2,0,1,0,0,0,0,of large families
थोडे लाजाळू,2,1,0,0,0,0,-0.3333333333,A little shy
चांगले कपडे घातलेले,3,0,0,0,0,0,-1,well dressed
नावडलेल्या लाकडाची फळे खातात,1,1,1,0,0,0,0.6666666667,Eats the fruits of rotten wood
ढोबळ,1,0,1,1,0,0,1.333333333,rough
शेतकऱ्या,2,0,0,1,0,0,0.3333333333,Farmers
डोळे काळे,1,1,1,0,0,0,0.6666666667,Black eyes
सुखी,3,0,0,0,0,0,-1,happy
कांस्य,3,0,0,0,0,0,-1,Bronze
थोडी कठोर,1,0,2,0,0,0,1,A bit harsh
डोंगरी लोक,0,0,2,0,1,0,2.666666667,hill people
सोव्हिएत,2,0,0,0,1,0,0.6666666667,soviet
भाषावंत,3,0,0,0,0,0,-1,linguists
थोड्या प्रमाणात वापरलेले,3,0,0,0,0,0,-1,Used sparingly
डोक,3,0,0,0,0,0,-1,the head
माणसाला देव मानतात,3,0,0,0,0,0,-1,Man is considered as God
माणसांचे,3,0,0,0,0,0,-1,of humans
कर्मचाऱ्या,2,1,0,0,0,0,-0.3333333333,employees
पर्वतवासी,3,0,0,0,0,0,-1,Mountaineer
शांतता-प्रेमळ,3,0,0,0,0,0,-1,peace-loving
चंचल,0,3,0,0,0,0,1,fickle
शास्त्रीय,3,0,0,0,0,0,-1,Classical
लवकर,3,0,0,0,0,0,-1,early
माणसांमध्ये माणूस,3,0,0,0,0,0,-1,A man among men
पर्यटक-प्रिय,3,0,0,0,0,0,-1,Tourist-friendly
चांगले खातात,1,2,0,0,0,0,0.3333333333,Eat well
खूप समृद्ध,3,0,0,0,0,0,-1,Very rich
शहाणपणा,1,0,1,1,0,0,1.333333333,Wisdom
भाषेतील प्रवीणता,3,0,0,0,0,0,-1,Language Proficiency
चांगले स्वयंपाक,3,0,0,0,0,0,-1,Good cooking
भाषाप्रेमी,3,0,0,0,0,0,-1,language lover
लहान मुलं,3,0,0,0,0,0,-1,little children
कुटुंबप्रेमी,3,0,0,0,0,0,-1,family lover
खाणे,3,0,0,0,0,0,-1,to eat
स्वार्थी,0,0,1,2,0,0,2.666666667,selfish
भरपूर खाल्ले,2,1,0,0,0,0,-0.3333333333,ate a lot
लढाऊ,1,1,1,0,0,0,0.6666666667,fighter
क्षुधाशीर्ष,3,0,0,0,0,0,-1,app header
अमीर,2,1,0,0,0,0,-0.3333333333,Amir
सुंदर समुद्रकिनारे,3,0,0,0,0,0,-1,Beautiful beaches
रंगीबेरंगी,3,0,0,0,0,0,-1,Colorful
शानदार,3,0,0,0,0,0,-1,fabulous
गायब होणाऱ्या पाण्याचे व्यवस्थापन,3,0,0,0,0,0,-1,Management of Vanishing Water
ढोबळी भाकरी,2,1,0,0,0,0,-0.3333333333,coarse bread
भावपूर्ण,3,0,0,0,0,0,-1,soulful
अत्यंत महत्वाकांक्षी,3,0,0,0,0,0,-1,Very ambitious
चांगली पाककृती,3,0,0,0,0,0,-1,Good recipe
संगीत प्रेमी,3,0,0,0,0,0,-1,Music lover
घड्याळ,3,0,0,0,0,0,-1,clock
संगीतकार,3,0,0,0,0,0,-1,Musician
कूक,3,0,0,0,0,0,-1,Cook
धर्मनिष्ठ,2,1,0,0,0,0,-0.3333333333,devout
बोलण्यास सोपा,2,1,0,0,0,0,-0.3333333333,Easy to talk to
स्वभावाने उदार,3,0,0,0,0,0,-1,Generous in nature
केंद्रशासित,3,0,0,0,0,0,-1,centralized
शिल्पकार,3,0,0,0,0,0,-1,sculptor
थोड्याशा,3,0,0,0,0,0,-1,a little
बहुभाषिक,3,0,0,0,0,0,-1,multilingual
दारिद्र्य,1,1,0,1,0,0,1,poverty
लाऊड,1,1,1,0,0,0,0.6666666667,Loud
कडक परिश्रमी,3,0,0,0,0,0,-1,hard worker
लांब अंतरावर चालणे,3,0,0,0,0,0,-1,walking long distances
थोड्या प्रमाणात,3,0,0,0,0,0,-1,to a lesser extent
पौराणिक,3,0,0,0,0,0,-1,mythological
क्षुधा,2,0,1,0,0,0,0,apps
मोठ्या प्रमाणात मद्यपान करतात,1,0,1,1,0,0,1.333333333,Drinks a lot
दहशतवादी,0,0,0,0,3,0,4,terrorist
मलईचे पदार्थ,3,0,0,0,0,0,-1,cream products
खनिज-समृद्ध,3,0,0,0,0,0,-1,Mineral-rich
माणूसकीच्या जोडीने,3,0,0,0,0,0,-1,With humanity
राजकारणी,0,2,0,1,0,0,1.666666667,the politician
भाषांतरकार,3,0,0,0,0,0,-1,Translator
सखोल,3,0,0,0,0,0,-1,Deeper
म्हातारा,2,1,0,0,0,0,-0.3333333333,old man
गाय,3,0,0,0,0,0,-1,the cow
हसना,3,0,0,0,0,0,-1,smile
ऋषी,3,0,0,0,0,0,-1,the sage
प्राचीन,3,0,0,0,0,0,-1,ancient
शांतप्रिय,3,0,0,0,0,0,-1,Peaceful
मांजर,3,0,0,0,0,0,-1,the cat
तिरंगी,3,0,0,0,0,0,-1,tricolor
मध्यम,3,0,0,0,0,0,-1,medium
ज्योतिषी,3,0,0,0,0,0,-1,the astrologer
ढीग,3,0,0,0,0,0,-1,the pile
प्रतिरोधक,2,1,0,0,0,0,-0.3333333333,resistance
कट्टरपंथी,0,0,1,0,2,0,3.333333333,Radical
भिक्षू,2,0,1,0,0,0,0,the monk
मोठी लोकसंख्या,3,0,0,0,0,0,-1,large population
शीघ्रता,3,0,0,0,0,0,-1,haste
मलईचे पदार्थ खातात,3,0,0,0,0,0,-1,Creamy foods are eaten
मसालेदार पदार्थ,3,0,0,0,0,0,-1,Spicy food
जमाती,1,0,0,1,1,0,2,tribe
काटकसर,3,0,0,0,0,0,-1,frugal
ढोंगी,0,0,3,0,0,0,2,hypocrite
कवी,3,0,0,0,0,0,-1,the poet
ब्रिटिश,1,0,1,0,1,0,1.666666667,British
रविंद्रनाथ ठाकुर,3,0,0,0,0,0,-1,Rabindranath Thakur
सैन्य,3,0,0,0,0,0,-1,army
थोडासा कठोर,1,1,1,0,0,0,0.6666666667,A little harsh
भाषाशुद्ध,3,0,0,0,0,0,-1,pure language
कडक उन्हात राहण्याची सवय,3,0,0,0,0,0,-1,Habit to stay in hot sun
स्वच्छंद,2,1,0,0,0,0,-0.3333333333,clean
तंदुरी,3,0,0,0,0,0,-1,Tandoori
शिस्तबद्ध,3,0,0,0,0,0,-1,Disciplined
दलित,0,0,0,1,2,0,3.666666667,dalit
थोडेसे कष्टाळू,3,0,0,0,0,0,-1,A little laborious
डोसा,2,1,0,0,0,0,-0.3333333333,Dosa
चित्रपट,3,0,0,0,0,0,-1,movie
थोडेसे उंच,3,0,0,0,0,0,-1,A little taller
प्रिय,3,0,0,0,0,0,-1,dear
द्रविड,3,0,0,0,0,0,-1,Dravida
मेहनती,3,0,0,0,0,0,-1,hard working
घोडे,1,1,1,0,0,0,0.6666666667,the horses
समुद्री जीवन,3,0,0,0,0,0,-1,marine life
माणुसकी,3,0,0,0,0,0,-1,Humanity
पहाड,3,0,0,0,0,0,-1,mountain
सकाळी उठून व्यायाम करा,3,0,0,0,0,0,-1,Get up in the morning and exercise
कारागीर,3,0,0,0,0,0,-1,Craftsman
भाषेच्या भावना,3,0,0,0,0,0,-1,The emotions of language
निसर्गावर प्रेम,3,0,0,0,0,0,-1,Love of nature
ख्रिसमस,3,0,0,0,0,0,-1,Christmas
गरजेचे,2,1,0,0,0,0,-0.3333333333,necessary
भाषेचा गौरव,3,0,0,0,0,0,-1,The glory of language
त्रिपुरा राज्य,3,0,0,0,0,0,-1,State of Tripura
लांब कानातले,2,1,0,0,0,0,-0.3333333333,Long earrings
स्त्रीप्रधान,0,0,1,1,1,0,3,feminine
विशिष्ट,2,1,0,0,0,0,-0.3333333333,Specific
टाटा,2,1,0,0,0,0,-0.3333333333,Tata
कडूपणा,1,2,0,0,0,0,0.3333333333,Bitterness
शास्त्रज्ञ,3,0,0,0,0,0,-1,scientist
डोंगरी प्रदेश,2,1,0,0,0,0,-0.3333333333,Hilly region
मैदानी धावण्यात चांगले,3,0,0,0,0,0,-1,Good at outdoor running
ज्यू,0,0,1,0,2,0,3.333333333,Jew
शिजवणे,3,0,0,0,0,0,-1,to cook
सोबीत,3,0,0,0,0,0,-1,together with
डोली वाहक,2,1,0,0,0,0,-0.3333333333,dolly carrier
थोड्या प्रमाणात गोरा,0,1,1,0,1,0,2.333333333,Slightly fairer
हिंदू,1,1,0,0,1,0,1.333333333,Hindu
मजेदार,3,0,0,0,0,0,-1,funny
चांगली शिक्षित,3,0,0,0,0,0,-1,well educated
ज्येष्ठ,3,0,0,0,0,0,-1,Senior
स्ट्रीट फूड,3,0,0,0,0,0,-1,Street food
खर्चाळ,1,2,0,0,0,0,0.3333333333,Expensive
आलसी,0,2,1,0,0,0,1.333333333,lazy
कुशल व्यापारी,3,0,0,0,0,0,-1,A skilled trader
कुंभार,1,0,1,0,1,0,1.666666667,the potter
नीच,0,0,0,0,3,0,4,lowly
फिशरमन,3,0,0,0,0,0,-1,Fisherman
भाषेचे नाव,3,0,0,0,0,0,-1,The name of the language
पिरामिड,3,0,0,0,0,0,-1,pyramid
धनी,3,0,0,0,0,0,-1,wealthy
मुळांचे महत्त्व,3,0,0,0,0,0,-1,Importance of roots
विनोदकार,3,0,0,0,0,0,-1,humorist
रहिवासी,3,0,0,0,0,0,-1,resident
बोलले जाणारे,3,0,0,0,0,0,-1,Spoken
भोळा,2,1,0,0,0,0,-0.3333333333,naïve
भोळेभाबडे,2,1,0,0,0,0,-0.3333333333,naïve
बचत,3,0,0,0,0,0,-1,savings
पर्वतावर राहणारा,3,0,0,0,0,0,-1,Mountain dweller
डोंगराळ प्रदेशात,2,1,0,0,0,0,-0.3333333333,In hilly regions
स्वच्छता,3,0,0,0,0,0,-1,Cleanliness
घमंडी,0,1,2,0,0,0,1.666666667,Arrogant
बॉक्सिंग,3,0,0,0,0,0,-1,Boxing
फिटनेस ट्रेनर,3,0,0,0,0,0,-1,Fitness trainer
डोक्रा,1,1,0,0,0,1,0,the head
नावाजलेले,3,0,0,0,0,0,-1,named
जास्त लोकसंख्या,3,0,0,0,0,0,-1,Over population
तंबाकू,3,0,0,0,0,0,-1,tobacco
मोजके,3,0,0,0,0,0,-1,few
विनोदीक,3,0,0,0,0,0,-1,funny
शिकवणारे,3,0,0,0,0,0,-1,teaching
शत्रू,1,0,1,1,0,0,1.333333333,the enemy
शीख,1,1,0,0,1,0,1.333333333,Sikh
फिटनेस,3,0,0,0,0,0,-1,Fitness
मधुकर पालन,3,0,0,0,0,0,-1,Honey rearing
थोड्या प्रमाणात चरबी असलेला,2,0,1,0,0,0,0,Low in fat
शिकवलेले,3,0,0,0,0,0,-1,taught
श्रीमंत,3,0,0,0,0,0,-1,Rich
धीरा,3,0,0,0,0,0,-1,patience
खनन मजूर,2,1,0,0,0,0,-0.3333333333,Mining labour
कडक थंडीचा सामना करणे,3,0,0,0,0,0,-1,Cope with severe cold
भाषावार,3,0,0,0,0,0,-1,language wise
संयमी,3,0,0,0,0,0,-1,Temperance
तपस्वी,3,0,0,0,0,0,-1,ascetic
भिक्षागर्दी,2,0,1,0,0,0,0,begging
कडक थंडी,3,0,0,0,0,0,-1,bitter cold
प्रदूषित,2,1,0,0,0,0,-0.3333333333,polluted
डोकलाम,3,0,0,0,0,0,-1,Doklam
ज्वलंत,1,1,0,1,0,0,1,vivid
भाषेचा एक प्रकार,3,0,0,0,0,0,-1,A type of language
मलय,2,1,0,0,0,0,-0.3333333333,Malay
अराजक,0,1,1,1,0,0,2,anarchy
युद्ध,3,0,0,0,0,0,-1,war
इराणी,1,1,0,0,1,0,1.333333333,Iranian
दारू पिणे,1,0,1,1,0,0,1.333333333,drink alcohol
तंबू,3,0,0,0,0,0,-1,the tent
रमणीय,3,0,0,0,0,0,-1,delightful
भाषक,3,0,0,0,0,0,-1,speaker
वनस्पती,3,0,0,0,0,0,-1,plant
उत्सवप्रिय,3,0,0,0,0,0,-1,celebratory
शिकवणे,2,1,0,0,0,0,-0.3333333333,to teach
चॉकलेट,2,1,0,0,0,0,-0.3333333333,Chocolate
युद्धग्रस्त,2,1,0,0,0,0,-0.3333333333,war victims
ज्वारीचे पीठ,3,0,0,0,0,0,-1,Sorghum flour
नाविक,2,1,0,0,0,0,-0.3333333333,sailor
वारकरी,3,0,0,0,0,0,-1,Warkari
फिनिक्स,2,0,1,0,0,0,0,Phoenix
शांतताप्रिय,3,0,0,0,0,0,-1,Peaceful
शाकाहारी,3,0,0,0,0,0,-1,Vegetarian
नियन्त्रित,3,0,0,0,0,0,-1,Controlled
रोमांटिक,3,0,0,0,0,0,-1,Romantic
भाषेतील,3,0,0,0,0,0,-1,of language
स्वच्छता-प्रेमी,3,0,0,0,0,0,-1,Cleanliness-loving
मुसलमान,1,0,1,0,1,0,1.666666667,Muslims
शिस्ती,1,1,0,0,0,1,0,Discipline
विस्तीर्ण,2,1,0,0,0,0,-0.3333333333,wider
लाकडाचा कामगार,2,1,0,0,0,0,-0.3333333333,wood worker
संगीत,3,0,0,0,0,0,-1,Music
गवंडी,2,1,0,0,0,0,-0.3333333333,mason
भोजन,3,0,0,0,0,0,-1,food
कन्फर्मिस्ट,1,0,1,0,1,0,1.666666667,Conformist
कठीण,3,0,0,0,0,0,-1,difficult
शाही,2,1,0,0,0,0,-0.3333333333,royal
अतिशय समृद्ध,3,0,0,0,0,0,-1,very rich
भाषेचे ज्ञान,3,0,0,0,0,0,-1,Knowledge of language
चाट,2,1,0,0,0,0,-0.3333333333,a lick
थोडेसे कडक,2,1,0,0,0,0,-0.3333333333,A little stiff
माणसाला त्रास देणारे,2,0,1,0,0,0,0,Harmful to man
मासेमारी,2,1,0,0,0,0,-0.3333333333,fishing
कडक उन्हामध्ये राहतात,3,0,0,0,0,0,-1,Lives in hot sun
खिचडी,3,0,0,0,0,0,-1,Khichdi
खेळणे,3,0,0,0,0,0,-1,to play
स्वातंत्र्य,3,0,0,0,0,0,-1,Freedom
आशियाई,1,0,1,0,1,0,1.666666667,Asian
लार्जहार्टेड,3,0,0,0,0,0,-1,Largehearted
तर्कशुद्ध,3,0,0,0,0,0,-1,rational
लाडिक,2,1,0,0,0,0,-0.3333333333,Ladik
माणसाला आदर,3,0,0,0,0,0,-1,Respect to man
रोमानी,1,1,0,0,1,0,1.333333333,Romani
तीळ,3,0,0,0,0,0,-1,mole
चांगले शेफ,3,0,0,0,0,0,-1,Good chef
खर्चा,3,0,0,0,0,0,-1,expenses
हिंसक,0,0,1,0,2,0,3.333333333,Violent
लांगडा,1,0,2,0,0,0,1,lame
तंदुरुस्त,3,0,0,0,0,0,-1,fit
पराठ्यांचे शौकीन,3,0,0,0,0,0,-1,Lovers of parathas
डरपोक,1,1,1,0,0,0,0.6666666667,Timid
औपचारिक,3,0,0,0,0,0,-1,Formal
थोडे बोला,2,1,0,0,0,0,-0.3333333333,talk a little
विविधता-प्रेमळ,3,0,0,0,0,0,-1,Variety-loving
भिकार,0,0,1,1,1,0,3,Begging
लाडला,2,1,0,0,0,0,-0.3333333333,pampered
लाफ,2,1,0,0,0,0,-0.3333333333,laugh
विमान,3,0,0,0,0,0,-1,plane
थोडेसे गोरे,1,0,1,0,1,0,1.666666667,A little blonde
लाडकी,2,1,0,0,0,0,-0.3333333333,darling
सकाळी लवकर उठणे,3,0,0,0,0,0,-1,Getting up early in the morning
कच्चापन,2,1,0,0,0,0,-0.3333333333,rawness
माणसांना खायला देणे,3,0,0,0,0,0,-1,feeding people
टेक्नॉलॉजी,3,0,0,0,0,0,-1,Technology
शिष्ट,2,0,1,0,0,0,0,polite
कल्पक,2,1,0,0,0,0,-0.3333333333,Ingenious
पान खातात,2,1,0,0,0,0,-0.3333333333,They eat leaves
शिस्तप्रिय,3,0,0,0,0,0,-1,disciplined
चांगले पाककृती,3,0,0,0,0,0,-1,Good recipes
डोली,3,0,0,0,0,0,-1,Dolly
अस्थिर,1,2,0,0,0,0,0.3333333333,Unstable
कुर्ता,3,0,0,0,0,0,-1,Kurta
स्वतंत्रता-प्रेमी,3,0,0,0,0,0,-1,Freedom-loving
बास्केटबॉल,3,0,0,0,0,0,-1,Basketball
चांगले स्वभावाचे,3,0,0,0,0,0,-1,Good natured
रबीन्द्रनाथ टागोर,3,0,0,0,0,0,-1,Rabindranath Tagore
पश्चिम आफ्रिका,2,1,0,0,0,0,-0.3333333333,West Africa
द्रविडी,1,1,0,0,1,0,1.333333333,Dravidian
वनस्पतीशास्त्रज्ञ,3,0,0,0,0,0,-1,Botanist
डबलमॅनेजमेंट,3,0,0,0,0,0,-1,Double management
स्व-नियंत्रित,3,0,0,0,0,0,-1,Self-controlled
कट्टरवादी,0,0,2,0,1,0,2.666666667,fundamentalist
मच्छी खाणारे,2,1,0,0,0,0,-0.3333333333,fish eaters
भारतीय,3,0,0,0,0,0,-1,Indian
माणसाला माणूस म्हणून वागणूक,3,0,0,0,0,0,-1,Treat a human being as a human being
भावुक,2,1,0,0,0,0,-0.3333333333,emotional
डोंगराळ प्रदेशात राहणे,2,1,0,0,0,0,-0.3333333333,Living in a mountainous region
थोडीशी बोलका,2,1,0,0,0,0,-0.3333333333,Talk a little
थोडेसे काळे,1,1,1,0,0,0,0.6666666667,A little black
उत्साही,3,0,0,0,0,0,-1,enthusiastic
पर्यटन,3,0,0,0,0,0,-1,Tourism
तीव्र स्वभावाचे,1,1,1,0,0,0,0.6666666667,Fierce
गायब,3,0,0,0,0,0,-1,disappear
लांब केस,3,0,0,0,0,0,-1,long hair
वेशभूषा,3,0,0,0,0,0,-1,costume
ڈرامائی,0,0,0,0,0,3,0,Dramatic
उद्योजक,3,0,0,0,0,0,-1,entrepreneur
घड्याळे बनवतात,3,0,0,0,0,0,-1,Makes watches
थाई बॉक्सिंग,3,0,0,0,0,0,-1,Thai Boxing
तीक्ष्ण बुद्धि,3,0,0,0,0,0,-1,Sharp wit
शिकण्यास सक्षम,3,0,0,0,0,0,-1,Able to learn
मलयाळम,2,1,0,0,0,0,-0.3333333333,Malayalam
आर्कटिक,3,0,0,0,0,0,-1,Arctic
२००० वर्षापूर्वी,3,0,0,0,0,0,-1,2000 years ago
वारंगळ,2,1,0,0,0,0,-0.3333333333,Warangal
अफगाण,3,0,0,0,0,0,-1,Afghan
शैक्षणिक,3,0,0,0,0,0,-1,Educational
दुर्मिळ,2,0,1,0,0,0,0,Rare
स्वच्छ,3,0,0,0,0,0,-1,clean
हिमालयात राहतात,3,0,0,0,0,0,-1,Lives in the Himalayas
तीव्र थंडी,3,0,0,0,0,0,-1,Severe cold
विनीत,3,0,0,0,0,0,-1,humble
तीव्र स्वभाव,2,0,1,0,0,0,0,Temperament
भोळे,3,0,0,0,0,0,-1,naïve
भाषेची एक शाखा,3,0,0,0,0,0,-1,A branch of language
क्रीडा,3,0,0,0,0,0,-1,Sports
निःपक्षपाती,3,0,0,0,0,0,-1,Unbiased
खनिज संसाधने,3,0,0,0,0,0,-1,Mineral Resources
ख्रिस्ती,2,1,0,0,0,0,-0.3333333333,Christians
शर्ट,3,0,0,0,0,0,-1,shirt
टेनिस,3,0,0,0,0,0,-1,Tennis
डोसा आवडते,3,0,0,0,0,0,-1,Love the dosa
चमत्कार,3,0,0,0,0,0,-1,miracle
फिकट,3,0,0,0,0,0,-1,Pale
भिंती चढण्यात चांगले,3,0,0,0,0,0,-1,Good at climbing walls
डोंगरवासी,3,0,0,0,0,0,-1,hill dweller
लांब,3,0,0,0,0,0,-1,long
थोडे मांसल,2,0,1,0,0,0,0,A little fleshy
समुद्र,3,0,0,0,0,0,-1,the sea
भिन्न,2,0,1,0,0,0,0,different
पान खा,2,1,0,0,0,0,-0.3333333333,eat the leaf
कर्मचाऱ्यांच्या जागांची मागणी,3,0,0,0,0,0,-1,Demand for staff positions
शिस्तीचे,3,0,0,0,0,0,-1,of discipline
भेंड्यांचे मांस खा,1,0,2,0,0,0,1,Eat sheep meat
कष्ट,3,0,0,0,0,0,-1,hardship
मटन खाणे,2,1,0,0,0,0,-0.3333333333,eating mutton
पर्यटकांचे आवडते ठिकाण,3,0,0,0,0,0,-1,A favorite place for tourists
ढंगारी,2,1,0,0,0,0,-0.3333333333,methodical
चांगले शिक्षित,3,0,0,0,0,0,-1,well educated
राजा,3,0,0,0,0,0,-1,the king
उद्योगशील,3,0,0,0,0,0,-1,Industrious
धातू,3,0,0,0,0,0,-1,Metal
डोंगराळ प्रदेशातील रहिवासी,2,1,0,0,0,0,-0.3333333333,Dwellers of hilly regions
कपटी,1,1,1,0,0,0,0.6666666667,a hypocrite
हिमालया,3,0,0,0,0,0,-1,The Himalayas
कुशल,3,0,0,0,0,0,-1,skillful
वैज्ञानिक,3,0,0,0,0,0,-1,Scientist
तडफदार,2,1,0,0,0,0,-0.3333333333,spicy
भरपूर भांडणे,2,0,1,0,0,0,0,Lots of fighting
गीते,3,0,0,0,0,0,-1,lyrics
पांढरे,2,1,0,0,0,0,-0.3333333333,white
भाषेचे संरक्षण,3,0,0,0,0,0,-1,Protection of language
भाषेच्या बाबतीत समृद्ध,3,0,0,0,0,0,-1,Rich in language
खेळ,3,0,0,0,0,0,-1,the game
भाषाशास्त्र,3,0,0,0,0,0,-1,Linguistics
घोडेस्वार,2,1,0,0,0,0,-0.3333333333,horseman
घड्याळे बनवणे,3,0,0,0,0,0,-1,making watches
पर्वत,3,0,0,0,0,0,-1,mountain
ध्येयवेधक,3,0,0,0,0,0,-1,Goalkeeper
फ्रंच,3,0,0,0,0,0,-1,French
क्रांतिकारक,3,0,0,0,0,0,-1,Revolutionary
हरी सब्ज्या,3,0,0,0,0,0,-1,green vegetables
माणसाला माणूस म्हणणारे,3,0,0,0,0,0,-1,Calling man a man
मधुर आवाज,3,0,0,0,0,0,-1,Sweet voice
लांब वस्त्रे,2,1,0,0,0,0,-0.3333333333,Long clothes
भाषिक,2,1,0,0,0,0,-0.3333333333,linguist
भाषेची मातृत्व,3,0,0,0,0,0,-1,Motherhood of language
साफ,3,0,0,0,0,0,-1,clean up
खनिज तेल,3,0,0,0,0,0,-1,mineral oil
डोंगराळ प्रदेशात राहतात,3,0,0,0,0,0,-1,Lives in mountainous region
दारु पिणारे,1,0,2,0,0,0,1,Alcohol drinkers
थोडेसे वाईट,2,0,1,0,0,0,0,A little worse
चंदनाचा वापर,3,0,0,0,0,0,-1,Uses of sandalwood
हत्ती,2,0,1,0,0,0,0,the elephant
पर्वतांचा,3,0,0,0,0,0,-1,of the mountains
गरिबाची,3,0,0,0,0,0,-1,of the poor
शीघ्रगतीचा,3,0,0,0,0,0,-1,Fast forward
मांजरी,3,0,0,0,0,0,-1,cats
भाषेची,3,0,0,0,0,0,-1,of language
कामकाजी,3,0,0,0,0,0,-1,working
स्त्री,3,0,0,0,0,0,-1,woman
कम्युनिस्ट,1,2,0,0,0,0,0.3333333333,Communists
डोकरा,2,1,0,0,0,0,-0.3333333333,the head
फ्रांसीसी,2,1,0,0,0,0,-0.3333333333,French
मधुर बोलणारे,3,0,0,0,0,0,-1,Sweet talker
थोरा,3,0,0,0,0,0,-1,little
शिकारी,2,1,0,0,0,0,-0.3333333333,the hunter
ख्रिश्चन,2,1,0,0,0,0,-0.3333333333,Christian
बेफिकीर,2,1,0,0,0,0,-0.3333333333,unconcerned
लांब कान,2,0,1,0,0,0,0,long ears
नारळ,3,0,0,0,0,0,-1,Coconut
शांतिप्रिय,3,0,0,0,0,0,-1,peace loving
शीघ्रगती,3,0,0,0,0,0,-1,hurry up
लाचखोर,1,0,1,1,0,0,1.333333333,bribe taker
नौका विहार,3,0,0,0,0,0,-1,Boating
ٹھنڈے,0,0,0,0,0,3,0,cold
अस्व-नियंत्रित,2,0,1,0,0,0,0,Self-controlled
माणूसकी,3,0,0,0,0,0,-1,Humanity
विनोदबुद्धी,2,1,0,0,0,0,-0.3333333333,sense of humor
इटालियन,3,0,0,0,0,0,-1,Italian
चिडखोर,1,1,1,0,0,0,0.6666666667,grumpy
ताकदवान,3,0,0,0,0,0,-1,powerful
लांब काना,2,1,0,0,0,0,-0.3333333333,long ears
प्राचीन संस्कृती,3,0,0,0,0,0,-1,Ancient culture
लाडके,2,1,0,0,0,0,-0.3333333333,darling
हिमालयी,3,0,0,0,0,0,-1,Himalayan
वादग्रस्त,1,0,2,0,0,0,1,Controversial
शहीद,3,0,0,0,0,0,-1,Martyr
गरीब,2,0,1,0,0,0,0,the poor
भिकारी,1,0,1,1,0,0,1.333333333,beggar
माणसाला माणूस म्हणून वागणूक देणे,3,0,0,0,0,0,-1,Treating a human being as a human being
शीघ्रकोपी,1,1,1,0,0,0,0.6666666667,quick temper
फारसी,2,1,0,0,0,0,-0.3333333333,Farsi
माणूसकीचा दृष्टिकोन,3,0,0,0,0,0,-1,A humanistic approach
थोडीशी उद्धट,1,1,1,0,0,0,0.6666666667,A bit rude
स्कॉटिश गेल्टिक,2,1,0,0,0,0,-0.3333333333,Scottish Gaelic
समुद्र किनार्यावर फिरणे आवडते,3,0,0,0,0,0,-1,Loves to walk on the beach
डोनाट्स,3,0,0,0,0,0,-1,Donuts
लांब काळी दाढी,2,1,0,0,0,0,-0.3333333333,Long black beard
भाषाभाषा,3,0,0,0,0,0,-1,language language
घड्याळे,3,0,0,0,0,0,-1,clocks
हिब्रू,3,0,0,0,0,0,-1,Hebrew
खनिज उत्खनन,3,0,0,0,0,0,-1,Mineral mining
धडकीदार,3,0,0,0,0,0,-1,scary
डोप,3,0,0,0,0,0,-1,Dope
नारळाचे पाणी पिणे,3,0,0,0,0,0,-1,Drink coconut water
धनवान,3,0,0,0,0,0,-1,wealthy
शांतीसाठी प्रार्थना,3,0,0,0,0,0,-1,A prayer for peace
संचारक्षम,3,0,0,0,0,0,-1,Communicable
धूळीचे,3,0,0,0,0,0,-1,of dust
डोंगराळ प्रदेश,3,0,0,0,0,0,-1,mountainous region
द्वीपवासी,3,0,0,0,0,0,-1,islanders
शीत,3,0,0,0,0,0,-1,cold
जास्त बोलणारे,2,1,0,0,0,0,-0.3333333333,talkative
अतिशय लोकसंख्या,2,1,0,0,0,0,-0.3333333333,Very populous
घाईघाईचा,2,1,0,0,0,0,-0.3333333333,in a hurry
चोरी,1,0,2,0,0,0,1,theft
मच्छीचे पदार्थ,3,0,0,0,0,0,-1,Fish dishes
झोपा,3,0,0,0,0,0,-1,sleep
घुबड,1,1,1,0,0,0,0.6666666667,the owl
कोयला खाण कामगार,3,0,0,0,0,0,-1,coal miners
लहान,3,0,0,0,0,0,-1,small
तीव्र स्वरात गातात,1,1,1,0,0,0,0.6666666667,Sings in a loud voice
लेखक,3,0,0,0,0,0,-1,the author
लाजशील,2,0,1,0,0,0,0,Shy
शांती-प्रेमळ,3,0,0,0,0,0,-1,Peace-loving
भावनिक,3,0,0,0,0,0,-1,emotional
द्राविड,2,1,0,0,0,0,-0.3333333333,Dravid
भेडी,2,1,0,0,0,0,-0.3333333333,the wolf
भावूक,3,0,0,0,0,0,-1,Emotional
कामचलाऊ,1,1,1,0,0,0,0.6666666667,makeshift
लहान उंचीचे,2,1,0,0,0,0,-0.3333333333,of short stature
साम्यवादी,2,1,0,0,0,0,-0.3333333333,Communists
लाजवाब,3,0,0,0,0,0,-1,Embarrassing
भाषेचे संवर्धन करतात,2,1,0,0,0,0,-0.3333333333,Promotes language
भिंडी,3,0,0,0,0,0,-1,Okra
स्कॉटिश,3,0,0,0,0,0,-1,Scottish
घोडा,3,0,0,0,0,0,-1,horse
कडक,3,0,0,0,0,0,-1,strict
हुशारी,2,0,1,0,0,0,0,smartness
कडक उन्हाळा,3,0,0,0,0,0,-1,hot summer
मधुरभाषी,3,0,0,0,0,0,-1,soft-spoken
डोंगराळ,3,0,0,0,0,0,-1,hilly
पिवळ्या डोळे,2,1,0,0,0,0,-0.3333333333,Yellow eyes
नम्र,3,0,0,0,0,0,-1,Humble
शेतकरी,3,0,0,0,0,0,-1,farmer
भाषेचा,3,0,0,0,0,0,-1,of language
संवादी,3,0,0,0,0,0,-1,conversational
गरमी सहन,3,0,0,0,0,0,-1,Tolerate the heat
वन रक्षक,3,0,0,0,0,0,-1,Forest guard
वसाहत,2,1,0,0,0,0,-0.3333333333,colony
खुश,3,0,0,0,0,0,-1,happy
समुद्राचे रहिवासी,3,0,0,0,0,0,-1,Dwellers of the sea
दमदार,3,0,0,0,0,0,-1,strong
माउंट एव्हरेस्ट,3,0,0,0,0,0,-1,Mount Everest
मंद,1,1,1,0,0,0,0.6666666667,slow
चाय,3,0,0,0,0,0,-1,tea
मद्यपान,0,3,0,0,0,0,1,drinking
धीमी,3,0,0,0,0,0,-1,slow
शिक्षित,3,0,0,0,0,0,-1,Educated
मच्छीमार,2,1,0,0,0,0,-0.3333333333,the fisherman
नृत्यांगन,3,0,0,0,0,0,-1,dancer
थोडे लांब,3,0,0,0,0,0,-1,a little long
विनोदशील,3,0,0,0,0,0,-1,funny
अरेबिक,3,0,0,0,0,0,-1,Arabic
थोड्याशी उंच,2,1,0,0,0,0,-0.3333333333,A little taller
समुद्र किनार्यावरील पर्यटन,3,0,0,0,0,0,-1,Beach tourism
व्यवसाय,3,0,0,0,0,0,-1,Business
क्षत्रिय,2,0,0,0,1,0,0.6666666667,Kshatriya
हसले,3,0,0,0,0,0,-1,laughed
तंदुरुस्ती,3,0,0,0,0,0,-1,Fitness
पराठे,3,0,0,0,0,0,-1,Parathas
एमबीबीएस डॉक्टर,3,0,0,0,0,0,-1,MBBS Doctor
ज्वारी खातात,3,0,0,0,0,0,-1,Sorghum is eaten
डोंगर,3,0,0,0,0,0,-1,mountain
पुलीस,3,0,0,0,0,0,-1,the police
डोपिंग,2,1,0,0,0,0,-0.3333333333,doping
भिखारी,0,0,2,0,1,0,2.666666667,beggar
भिक्षु,2,0,1,0,0,0,0,the monk
मोठे दाढी,3,0,0,0,0,0,-1,big beard
मैदा,3,0,0,0,0,0,-1,flour
चांदी,3,0,0,0,0,0,-1,silver
मैदानी,3,0,0,0,0,0,-1,outdoor
मुस्लीम,2,1,0,0,0,0,-0.3333333333,Muslim
धाडसी,3,0,0,0,0,0,-1,brave
संस्मरणात्मक,3,0,0,0,0,0,-1,commemorative
मजाकिया,3,0,0,0,0,0,-1,funny
निसर्गात राहतात,3,0,0,0,0,0,-1,Live in nature
माणसाचे,3,0,0,0,0,0,-1,of man
भिक्षुक,2,0,1,0,0,0,0,beggar
तीव्र,3,0,0,0,0,0,-1,intense
शेती,3,0,0,0,0,0,-1,agriculture
गायना,3,0,0,0,0,0,-1,singing
थोड्यासे आग्रही,2,1,0,0,0,0,-0.3333333333,A little pushy
घाईघाई,3,0,0,0,0,0,-1,hurry up
टापू,3,0,0,0,0,0,-1,the island
माणूस खाणारे,0,0,0,2,1,0,3.333333333,man eater
एमबीए,3,0,0,0,0,0,-1,MBA
खरेदीला,3,0,0,0,0,0,-1,to purchase
ढंगदार,2,1,0,0,0,0,-0.3333333333,mannered
संघर्षकर्ता,3,0,0,0,0,0,-1,struggler
कलाकार,3,0,0,0,0,0,-1,Artist
डोंगराळ भागात राहणारे,3,0,0,0,0,0,-1,Living in hilly areas
भाषेचे संवर्धन,3,0,0,0,0,0,-1,Language conservation
गरिबीग्रस्त,0,3,0,0,0,0,1,poverty stricken
मोठ्या शरीराचे,1,1,1,0,0,0,0.6666666667,Large body
गरमगरम,3,0,0,0,0,0,-1,hot
गोवा,3,0,0,0,0,0,-1,Goa
अशांत,2,1,0,0,0,0,-0.3333333333,Turbulent
ख्रिसमस ट्री,3,0,0,0,0,0,-1,Christmas tree
संयुक्त,3,0,0,0,0,0,-1,Joint
थोडे आळशी,0,3,0,0,0,0,1,A little lazy
भोजन बनवणे,3,0,0,0,0,0,-1,making food
मोठ्या लोकसंख्येसह,3,0,0,0,0,0,-1,With a large population
रावणा,2,0,0,1,0,0,0.3333333333,Ravana
डोळे मिटून,2,1,0,0,0,0,-0.3333333333,with eyes closed
व्यावहारिक,3,0,0,0,0,0,-1,Practical
भाषेचा राजा,3,0,0,0,0,0,-1,King of language
थोडीशी बुद्धिमान,2,1,0,0,0,0,-0.3333333333,A bit intelligent
मंदबुद्धि,1,0,2,0,0,0,1,retarded
मधुर बोलणे,3,0,0,0,0,0,-1,Sweet talk
कुंवारी,2,0,0,1,0,0,0.3333333333,the virgin
शांतीप्रिय,3,0,0,0,0,0,-1,peace loving
कडक उन्हात काम करणे,3,0,0,0,0,0,-1,Working in hot sun
लाडू,3,0,0,0,0,0,-1,Ladoo
सुलभ,3,0,0,0,0,0,-1,handy
फारशी,2,1,0,0,0,0,-0.3333333333,very much
ढोलकी वाजवणे,3,0,0,0,0,0,-1,drumming
लाजकार,2,0,1,0,0,0,0,shy
पितृसत्ताक,3,0,0,0,0,0,-1,Patriarchy
माणस,3,0,0,0,0,0,-1,the man
शरणार्थी,3,0,0,0,0,0,-1,refugees
लांब कापड घालतात,3,0,0,0,0,0,-1,Long cloth is worn
यहुदी,3,0,0,0,0,0,-1,Jews
क्षुधाशील,3,0,0,0,0,0,-1,Appetizing
डोळ्यांचे रंग,3,0,0,0,0,0,-1,eye color
लाजराळे,3,0,0,0,0,0,-1,Shy
शालीन,3,0,0,0,0,0,-1,decent
मागास,0,1,0,1,1,0,2.666666667,backwards
लापरवाह,1,1,1,0,0,0,0.6666666667,careless
धूर्त,0,1,1,1,0,0,2,crafty
धोखाबाज,0,1,1,1,0,0,2,cheater
गोंडस,3,0,0,0,0,0,-1,cute
कडक मिठाई,3,0,0,0,0,0,-1,hard candy
भ्रष्टाचारी,0,0,0,2,1,0,3.333333333,Corrupt
अतिथीनिष्ठ,3,0,0,0,0,0,-1,Hospitable
थोडेसे प्यायले,1,2,0,0,0,0,0.3333333333,drank a little
बॅडमिंटनमध्ये चांगले,3,0,0,0,0,0,-1,Good at badminton
गरजेची,2,1,0,0,0,0,-0.3333333333,of need
लांब दाढी,3,0,0,0,0,0,-1,long beard
लाजरी,3,0,0,0,0,0,-1,Embarrassing
युद्धप्रिय,2,1,0,0,0,0,-0.3333333333,warlike
आर्थिक,3,0,0,0,0,0,-1,Financial
कार्यकर्ता,3,0,0,0,0,0,-1,Worker
वित्तीय,2,1,0,0,0,0,-0.3333333333,Financial
लाकूडतोडणी,3,0,0,0,0,0,-1,logging
थोडेसे लांब केस,3,0,0,0,0,0,-1,Slightly longer hair
थोडेसे गोंडस,3,0,0,0,0,0,-1,A little cute
पर्वतावर राहणारे,3,0,0,0,0,0,-1,Mountain dwellers
विनोद-प्रिय,3,0,0,0,0,0,-1,Joke-loving
निरोगी,3,0,0,0,0,0,-1,healthy
दम,2,1,0,0,0,0,-0.3333333333,Asthma
संगीतमय,3,0,0,0,0,0,-1,Musical
गायकी,3,0,0,0,0,0,-1,singing
अत्याचारी,0,0,1,1,1,0,3,oppressor
थोडे कडक,2,1,0,0,0,0,-0.3333333333,A little stiff
पहाटे उठणे,3,0,0,0,0,0,-1,get up early
तीव्र चवीचे पदार्थ,3,0,0,0,0,0,-1,Strongly flavored foods
ज्वैलर,3,0,0,0,0,0,-1,jeweller
बोली,3,0,0,0,0,0,-1,bid
पर्यटक,3,0,0,0,0,0,-1,tourists
सराफा,3,0,0,0,0,0,-1,Bullion
मोठे दात,2,1,0,0,0,0,-0.3333333333,big teeth
विनोदळ,3,0,0,0,0,0,-1,funny
मधु,3,0,0,0,0,0,-1,Honey
द्रव,3,0,0,0,0,0,-1,liquid
शांती,3,0,0,0,0,0,-1,the peace
रूढीवादी,0,2,1,0,0,0,1.333333333,Conservative
घुमंतू,2,1,0,0,0,0,-0.3333333333,nomad
फुटबॉल प्रेमी,3,0,0,0,0,0,-1,Football lover
स्वतंत्र,3,0,0,0,0,0,-1,Independent
निर्वासित,2,1,0,0,0,0,-0.3333333333,refugees
डोंगराळ प्रदेशात राहणारे,3,0,0,0,0,0,-1,Dwelling in hilly regions
क्षुद्र,0,0,0,2,1,0,3.333333333,petty
क्षमाळू,3,0,0,0,0,0,-1,sorry
त्रिभाषा,3,0,0,0,0,0,-1,trilingual
स्त्री वकील,3,0,0,0,0,0,-1,A woman lawyer
भिंती चढण्यात,3,0,0,0,0,0,-1,Climbing the walls
अल्पवयीन,3,0,0,0,0,0,-1,Minor
लाकडी खेळणी बनविण्यात माहिर,3,0,0,0,0,0,-1,Specializes in making wooden toys
रंगभेद,1,1,0,0,1,0,1.333333333,apartheid
कडक खोबरे,3,0,0,0,0,0,-1,Hard coconuts
भाषेचा अभिमान,3,0,0,0,0,0,-1,Pride of language
रेलवे कर्मचारी,3,0,0,0,0,0,-1,Railway employees
तर्कशास्त्र,3,0,0,0,0,0,-1,logic
प्रदेश,3,0,0,0,0,0,-1,region
कृष्णवर्णीय,1,0,0,0,2,0,2.333333333,Black
मल्टीलिंग्युअल,3,0,0,0,0,0,-1,Multilingual
उग्र,1,1,1,0,0,0,0.6666666667,fierce
तटस्थ,3,0,0,0,0,0,-1,Neutral
थोडं फार गोरा,1,2,0,0,0,0,0.3333333333,A little too fair
स्वादिष्ट पदार्थ बनवतात,3,0,0,0,0,0,-1,Makes delicious food
पराक्रमी,3,0,0,0,0,0,-1,the mighty
लांबलचक,3,0,0,0,0,0,-1,long
डोंगराळ भागात राहतो,3,0,0,0,0,0,-1,Lives in mountainous areas
मच्छी खाणे,3,0,0,0,0,0,-1,eating fish
कष्टाळू,3,0,0,0,0,0,-1,hard working
भिक्षा मागणारे,2,1,0,0,0,0,-0.3333333333,beggars
पर्वतावर राहणे,3,0,0,0,0,0,-1,Living on the mountain
ढोल,2,0,1,0,0,0,0,the drum
चांगले संगीतकार,3,0,0,0,0,0,-1,Good musician
बंगाली,3,0,0,0,0,0,-1,Bengali
थोडीसा प्रगतीशील,2,1,0,0,0,0,-0.3333333333,A bit progressive
शैली,3,0,0,0,0,0,-1,Style
लबाड,0,2,1,0,0,0,1.333333333,liar
रहस्यमय,3,0,0,0,0,0,-1,mysterious
भिक्षा मांगणे,2,1,0,0,0,0,-0.3333333333,beg for alms
अतिशय मिलनसार,3,0,0,0,0,0,-1,Very friendly
स्मार्ट,3,0,0,0,0,0,-1,Smart
माणसांची संख्या,3,0,0,0,0,0,-1,number of people
व्यवसायी,3,0,0,0,0,0,-1,businessman
आफ्रिकन,3,0,0,0,0,0,-1,African
क्रॉस,3,0,0,0,0,0,-1,Cross
मातृभाषा,3,0,0,0,0,0,-1,mother tongue
समजू शकत नाही,3,0,0,0,0,0,-1,can't understand
सुशि,3,0,0,0,0,0,-1,Sushi
अभिजात,2,0,1,0,0,0,0,Classy
क्रूर,0,0,1,2,0,0,2.666666667,cruel
पेशवाई,3,0,0,0,0,0,-1,Peshwai
सुरुचिपूर्ण,3,0,0,0,0,0,-1,Elegant
लाजराळ,3,0,0,0,0,0,-1,Shy
तीर्थस्थळे,3,0,0,0,0,0,-1,places of pilgrimage
सैनिक,3,0,0,0,0,0,-1,soldier
कामुक,0,1,1,1,0,0,2,Sensual
परिश्रमी,3,0,0,0,0,0,-1,diligent
कुत्रा,2,0,1,0,0,0,0,the dog
शिंपी,2,0,1,0,0,0,0,the tailor
पर्यटकांसाठी अनुकूल,3,0,0,0,0,0,-1,Tourist friendly
धान,3,0,0,0,0,0,-1,Paddy
ध्येयवादी,3,0,0,0,0,0,-1,Missionary
गरमी,3,0,0,0,0,0,-1,heat
भाषेमध्ये कुशल,3,0,0,0,0,0,-1,Proficient in language
लांब आयुष्य,3,0,0,0,0,0,-1,long life
शांतता,3,0,0,0,0,0,-1,peace
आत्मनिर्भर,3,0,0,0,0,0,-1,independent
अतिशय दयाळू,3,0,0,0,0,0,-1,Very kind
शिक्षणाशी संबंधित,3,0,0,0,0,0,-1,related to education
चीनी,2,0,1,0,0,0,0,Chinese
डोंगराळ भागात राहतात,3,0,0,0,0,0,-1,Lives in mountainous areas
कन्फ्युशियस,3,0,0,0,0,0,-1,Confucius
गरम,3,0,0,0,0,0,-1,hot
दानशील,3,0,0,0,0,0,-1,Charitable
सौम्य,3,0,0,0,0,0,-1,mild
विनोदाचा,3,0,0,0,0,0,-1,of humor
भारी,2,1,0,0,0,0,-0.3333333333,heavy
स्त्री-पुरुष समानता,3,0,0,0,0,0,-1,Equality of men and women
तेज,3,0,0,0,0,0,-1,bright
धैर्यवान,3,0,0,0,0,0,-1,courageous
मितभाषी,3,0,0,0,0,0,-1,reticent
शांततावादी,3,0,0,0,0,0,-1,pacifist
कडवे,1,2,0,0,0,0,0.3333333333,bitter
क्रांतिकारी,3,0,0,0,0,0,-1,Revolutionary
धावणे,3,0,0,0,0,0,-1,to run
भाषेचा प्रकार,3,0,0,0,0,0,-1,type of language
धानाची लागवड,3,0,0,0,0,0,-1,Cultivation of paddy
नारंगी,3,0,0,0,0,0,-1,Orange
मराठी,3,0,0,0,0,0,-1,Marathi
शिक्षण,3,0,0,0,0,0,-1,Education
भाषा प्रेमी,3,0,0,0,0,0,-1,Language lover
तापट,1,0,2,0,0,0,1,passionate
फ्रेंच,3,0,0,0,0,0,-1,French
ढोंगबाज,0,0,3,0,0,0,2,hypocrite
कर्मचाऱ्याचा,3,0,0,0,0,0,-1,of the employee
लाकडू,3,0,0,0,0,0,-1,wood
बेसबॉल,3,0,0,0,0,0,-1,baseball
माणसांची सेवा,3,0,0,0,0,0,-1,Service to people
तर्कसंगत,3,0,0,0,0,0,-1,rational
पातळ,2,1,0,0,0,0,-0.3333333333,thin
गरिब,1,2,0,0,0,0,0.3333333333,the poor
रंगीत,3,0,0,0,0,0,-1,colored
मुस्लिम,2,0,1,0,0,0,0,Muslim
मसालेदार,3,0,0,0,0,0,-1,Spicy
भारदार,2,1,0,0,0,0,-0.3333333333,heavy
मल्टीलिंगुअल,3,0,0,0,0,0,-1,Multilingual
मसाल्याचा,3,0,0,0,0,0,-1,of spice
कायदेबाज,3,0,0,0,0,0,-1,lawyer
स्कींग,3,0,0,0,0,0,-1,Skiing
गाय पालन,3,0,0,0,0,0,-1,Cow rearing
ज्वारीच्या पिठाचं मुखवास,3,0,0,0,0,0,-1,Sorghum flour mask
तीव्रगती,3,0,0,0,0,0,-1,high speed
लाओ,3,0,0,0,0,0,-1,bring
काश्मीर,3,0,0,0,0,0,-1,Kashmir
थोडे बोलले,3,0,0,0,0,0,-1,Talked a little
टोपी,3,0,0,0,0,0,-1,cap
परदेशी,2,1,0,0,0,0,-0.3333333333,foreigners
चांगली स्मेल,3,0,0,0,0,0,-1,good smell
थोड्या प्रमाणात लांब,3,0,0,0,0,0,-1,Slightly longer
माणसाला माणूस मानणे,3,0,0,0,0,0,-1,To treat man as man
सकाळी नाश्ता,3,0,0,0,0,0,-1,Breakfast in the morning
समुद्रकिनारा,3,0,0,0,0,0,-1,the beach
ढोबळी,2,1,0,0,0,0,-0.3333333333,rough
खनिज कामगार,3,0,0,0,0,0,-1,Mineral workers
विद्यावान,3,0,0,0,0,0,-1,Scholarly
लाकूडतोडणी कामगार,3,0,0,0,0,0,-1,Lumber workers
दारू पिणारे,0,2,1,0,0,0,1.333333333,Alcohol drinkers
रेल्वेत,3,0,0,0,0,0,-1,in the train
शांत स्वरूपाचे,3,0,0,0,0,0,-1,Calm nature
अविश्वासू,1,1,1,0,0,0,0.6666666667,disbelieving
बौद्ध,1,1,0,0,1,0,1.333333333,Buddhist
कन्फर्मिष्ट,3,0,0,0,0,0,-1,Conformist
पिवळा डोळा,2,1,0,0,0,0,-0.3333333333,yellow eye
कडक परिश्रम करणारे,3,0,0,0,0,0,-1,Hard working
खनिजकर्मी,3,0,0,0,0,0,-1,miner
गायत्री मंत्र,3,0,0,0,0,0,-1,Gayatri Mantra
शीर्ष क्रिकेटपटू,3,0,0,0,0,0,-1,Top cricketers
कडू,2,1,0,0,0,0,-0.3333333333,bitter
गाय पालक,3,0,0,0,0,0,-1,cow parents
व्यापारी,3,0,0,0,0,0,-1,Merchant
मच्छी खाणारा,2,1,0,0,0,0,-0.3333333333,fish eater
दानशूर,3,0,0,0,0,0,-1,Charitable
थंड,3,0,0,0,0,0,-1,cold
माणुस,3,0,0,0,0,0,-1,man
माउंट एव्हरेस्टवर चढणे,3,0,0,0,0,0,-1,Climbing Mount Everest
वनवासी,3,0,0,0,0,0,-1,forest dweller
समुद्री,3,0,0,0,0,0,-1,marine
सकाळी उठणे,3,0,0,0,0,0,-1,waking up in the morning
स्कॉच,3,0,0,0,0,0,-1,Scotch
दारू,3,0,0,0,0,0,-1,alcohol
डोमिनियन,3,0,0,0,0,0,-1,Dominion
खिन्न,2,1,0,0,0,0,-0.3333333333,sad
लयबद्ध,3,0,0,0,0,0,-1,Rhythmic
मधुर,3,0,0,0,0,0,-1,mellow
धान्य उत्पादक,3,0,0,0,0,0,-1,grain producer
रोमँटिक,3,0,0,0,0,0,-1,Romantic
कर्मवीर,3,0,0,0,0,0,-1,Karmaveer
तिरंगा,3,0,0,0,0,0,-1,tricolor
भाषेचे शिक्षण,3,0,0,0,0,0,-1,Language learning
डोंगरी,3,0,0,0,0,0,-1,the mountain
एक प्राणी,3,0,0,0,0,0,-1,an animal
चमचमीत,3,0,0,0,0,0,-1,sparkling
तीव्र गतीने बोलणे,2,1,0,0,0,0,-0.3333333333,speaking at a rapid pace
स्कॉच आवडतात,2,1,0,0,0,0,-0.3333333333,Loves Scotch
क्षमा,3,0,0,0,0,0,-1,sorry
थोडेसे बोलतात,3,0,0,0,0,0,-1,Talk a little
मलईचा वापर करतात,3,0,0,0,0,0,-1,Use cream
व्यवस्थित,3,0,0,0,0,0,-1,properly
पारंपारिक,3,0,0,0,0,0,-1,Traditional
लामा,2,1,0,0,0,0,-0.3333333333,Llama
थोड्या खाण्याने समाधानी,3,0,0,0,0,0,-1,Satisfied with a little food
धीरजवान,3,0,0,0,0,0,-1,patient
माणूस,3,0,0,0,0,0,-1,the man
महत्वाकांक्षी,3,0,0,0,0,0,-1,Ambitious
गर्विष्ठ,0,1,2,0,0,0,1.666666667,haughty
ज्वारी,3,0,0,0,0,0,-1,sorghum
धान्य उत्पादन,3,0,0,0,0,0,-1,grain production
गरमी सहन करतात,3,0,0,0,0,0,-1,Tolerate heat
लाकडी खाट,3,0,0,0,0,0,-1,wooden bed
बोलक्या,2,1,0,0,0,0,-0.3333333333,talkative
चिनी,2,0,0,1,0,0,0.3333333333,Chinese
ढीठ,2,0,1,0,0,0,0,insolent
चरबीयुक्त आहार,3,0,0,0,0,0,-1,Fatty diet
कर्मठ,1,1,1,0,0,0,0.6666666667,industrious
फिटर,3,0,0,0,0,0,-1,the fitter
कुत्री,1,1,0,0,1,0,1.333333333,the dog
उद्योगपती,3,0,0,0,0,0,-1,industrialist
वंचित,1,1,0,1,0,0,1,deprived
रीतीरिवाज,3,0,0,0,0,0,-1,custom
भांडखोर,1,0,2,0,0,0,1,belligerent
पर्वतीय,3,0,0,0,0,0,-1,mountainous
पर्वतावरील,3,0,0,0,0,0,-1,On the mountain
उर्जावान,3,0,0,0,0,0,-1,Energetic
भाजी,3,0,0,0,0,0,-1,vegetables
भारी मांस खाणे,2,1,0,0,0,0,-0.3333333333,Eating heavy meat
नियत्रित,3,0,0,0,0,0,-1,Controlled
रानटी,1,0,2,0,0,0,1,barbarian
भाषा बोलतात,3,0,0,0,0,0,-1,speak languages
शिकणे,3,0,0,0,0,0,-1,to learn
माणके,3,0,0,0,0,0,-1,Manke
फिक्के,3,0,0,0,0,0,-1,pale
लांब काळी केस,3,0,0,0,0,0,-1,Long black hair
डोक्टोर,3,0,0,0,0,0,-1,Doctor
मसाल्यादार,3,0,0,0,0,0,-1,spicy
घट्ट,3,0,0,0,0,0,-1,tight
विनोदप्रिय,3,0,0,0,0,0,-1,humorous
शांत-प्रेमळ,3,0,0,0,0,0,-1,Calm-loving
तीक्ष्ण नजर,3,0,0,0,0,0,-1,sharp eye
दक्षिण अमेरिकन,3,0,0,0,0,0,-1,South American
थोडी कडक,3,0,0,0,0,0,-1,A bit stiff
कामगार,3,0,0,0,0,0,-1,workers
लुटारू,0,0,2,0,1,0,2.666666667,the robber
नीतिमान,3,0,0,0,0,0,-1,Righteous
खाद्यपदार्थ,3,0,0,0,0,0,-1,food
शिक्षणाभिमुख,3,0,0,0,0,0,-1,Education oriented
मलई,3,0,0,0,0,0,-1,Cream
दमट,3,0,0,0,0,0,-1,humid
चंदेरी साडी,3,0,0,0,0,0,-1,Silver saree
गायन,3,0,0,0,0,0,-1,singing
परोपकारी,2,1,0,0,0,0,-0.3333333333,benevolent
वादळी,3,0,0,0,0,0,-1,windy
मध्य पूर्व,3,0,0,0,0,0,-1,Middle East
शांततापूर्ण,3,0,0,0,0,0,-1,Peaceful
धीरज,3,0,0,0,0,0,-1,Patience
बहादुर,3,0,0,0,0,0,-1,Bahadur
शक्तिशाली,3,0,0,0,0,0,-1,Powerful
खेती,3,0,0,0,0,0,-1,farming
मजूर,2,1,0,0,0,0,-0.3333333333,the laborer
द्वीप,3,0,0,0,0,0,-1,island
भोजपुरी,3,0,0,0,0,0,-1,Bhojpuri
भाषाभेद,3,0,0,0,0,0,-1,language difference
भारत,3,0,0,0,0,0,-1,India
माणुसकीदार,3,0,0,0,0,0,-1,Humane
थोडेसे बोलणे,3,0,0,0,0,0,-1,little talk
कसाई,0,0,3,0,0,0,2,the butcher
फास्ट फूड,3,0,0,0,0,0,-1,Fast food
भाषेचे,3,0,0,0,0,0,-1,of language
फाशी,1,0,1,0,1,0,1.666666667,execution
भेळ,3,0,0,0,0,0,-1,the sheep
ढोकळा,3,0,0,0,0,0,-1,Dhokla
शिखरे चढण्यात उत्तम,3,0,0,0,0,0,-1,Great for climbing peaks
धीट,2,0,1,0,0,0,0,brave
थोडेसे मागास,0,0,1,2,0,0,2.666666667,Back a bit
लांब पल्ल्याच्या धावण्यात उत्तम,3,0,0,0,0,0,-1,Great for long distance running
कुरळे केस,2,1,0,0,0,0,-0.3333333333,Curly hair
माणसाच्या डोक्यावरील टोपी,3,0,0,0,0,0,-1,A hat on a man's head
ज्वैरी,3,0,0,0,0,0,-1,sorghum
भाषेची देवबंद,3,0,0,0,0,0,-1,Deoband of language
घुमाफिरा,2,1,0,0,0,0,-0.3333333333,spin around
ड्रग्स,1,0,1,0,1,0,1.666666667,drugs
थोडेसे आळशी,0,2,1,0,0,0,1.333333333,A little lazy
अँटी-साम्राज्यवादी,0,1,0,2,0,0,2.333333333,Anti-imperialist
शीतोष्ण,3,0,0,0,0,0,-1,Temperate
हिमालयीन,3,0,0,0,0,0,-1,Himalayan
थोडे,3,0,0,0,0,0,-1,a little
गाय चरवायला जातात,3,0,0,0,0,0,-1,Cows go to graze
कडक मेहनती,3,0,0,0,0,0,-1,Hardworking
धान्य,3,0,0,0,0,0,-1,grain
माणसासारखे वागणे,3,0,0,0,0,0,-1,Act like a man
साहसी,3,0,0,0,0,0,-1,Adventurer
स्पष्ट,3,0,0,0,0,0,-1,Clear
धोकादायक,2,1,0,0,0,0,-0.3333333333,dangerous
फुटबॉल,3,0,0,0,0,0,-1,Football
मैत्रीपूर्ण,3,0,0,0,0,0,-1,friendly
पर्वतांवर राहतात,3,0,0,0,0,0,-1,Lives in the mountains
क्षमाशील,3,0,0,0,0,0,-1,forgiving
गरजू,2,1,0,0,0,0,-0.3333333333,the needy
शिपबिल्डर,3,0,0,0,0,0,-1,Shipbuilder
महान खेळाडू,3,0,0,0,0,0,-1,Great player
तेल,3,0,0,0,0,0,-1,Oil
पश्चिम आफ्रिकन,3,0,0,0,0,0,-1,West African
लाजाळू,3,0,0,0,0,0,-1,shy
भाषिका,3,0,0,0,0,0,-1,speaker
अतिरेकी,0,0,0,0,3,0,4,Extremist
डोळ्याची काळी वर्तुळे,3,0,0,0,0,0,-1,Dark eye circles
माणूसखोर,1,1,0,1,0,0,1,man-eater
संघर्ष,3,0,0,0,0,0,-1,struggle
गलिच्छ,0,1,2,0,0,0,1.666666667,dirty
शिकण्यास उत्सुक,3,0,0,0,0,0,-1,Eager to learn
चिनी चायनीज,2,0,0,1,0,0,0.3333333333,Chinese Chinese
चोर,0,1,1,0,1,0,2.333333333,thief
प्रगतीशील,3,0,0,0,0,0,-1,Progressive
स्त्री-वर्चस्व,3,0,0,0,0,0,-1,Feminine dominance
थोडा कडक,2,1,0,0,0,0,-0.3333333333,A bit stiff
विद्यापीठ,3,0,0,0,0,0,-1,University
ढगलेले,2,1,0,0,0,0,-0.3333333333,overcast
क्रीडापटू,3,0,0,0,0,0,-1,sportsman
धार्मिक,3,0,0,0,0,0,-1,religious
पहाटे पहाटे उठणे,3,0,0,0,0,0,-1,Waking up early in the morning
थोडा कठोर,1,2,0,0,0,0,0.3333333333,A bit harsh
एकाग्रतेची गरज,3,0,0,0,0,0,-1,The need for concentration
निर्भीड,3,0,0,0,0,0,-1,fearless
थोडे मागासलेले,0,1,0,2,0,0,2.333333333,A little backward
फुटबॉलपटू,3,0,0,0,0,0,-1,football player
गर्म,3,0,0,0,0,0,-1,hot
शांत,3,0,0,0,0,0,-1,quiet
विनोदी,3,0,0,0,0,0,-1,funny
स्मोकिंग,1,1,1,0,0,0,0.6666666667,smoking
संयमित,3,0,0,0,0,0,-1,restrained
हसमुख,3,0,0,0,0,0,-1,smiling
गंभीर,3,0,0,0,0,0,-1,severe
रेलवे,3,0,0,0,0,0,-1,Railway
कन्फेशनल,3,0,0,0,0,0,-1,Confessional
मलबारी,3,0,0,0,0,0,-1,Malabari
उंची,3,0,0,0,0,0,-1,height
माणसाला आनंदी ठेवायला आवडते,3,0,0,0,0,0,-1,People like to be happy
आगामी,3,0,0,0,0,0,-1,upcoming
तीव्रगामी,2,1,0,0,0,0,-0.3333333333,acute
वन,3,0,0,0,0,0,-1,Forest
खनन कामगार,3,0,0,0,0,0,-1,Miners
वीर,3,0,0,0,0,0,-1,heroic
लांब उंचीचे,3,0,0,0,0,0,-1,tall
नाक,3,0,0,0,0,0,-1,the nose
माणसाला मारतात,1,1,0,1,0,0,1,They kill people
लवकर उठणे,3,0,0,0,0,0,-1,get up early
मजा,3,0,0,0,0,0,-1,fun
काटक,2,1,0,0,0,0,-0.3333333333,Katak
समुद्रकिनारी राहतात,3,0,0,0,0,0,-1,Lives by the sea
लाडक्या,3,0,0,0,0,0,-1,darling
गरिबांचे,3,0,0,0,0,0,-1,of the poor
संवेदनशील,3,0,0,0,0,0,-1,Sensitive
लाकूडतोड,3,0,0,0,0,0,-1,Lumber
बंद,3,0,0,0,0,0,-1,off
उष्मा,3,0,0,0,0,0,-1,the heat
शैलीदार,3,0,0,0,0,0,-1,Stylish
अरब,3,0,0,0,0,0,-1,Arab
भारताचा पंतप्रधान,3,0,0,0,0,0,-1,Prime Minister of India
धान उत्पादक,3,0,0,0,0,0,-1,Paddy grower
शिकार,3,0,0,0,0,0,-1,hunting
पर्वतारोहण,3,0,0,0,0,0,-1,mountain climbing
कार्यशील,3,0,0,0,0,0,-1,functional
खानाबदोश,2,1,0,0,0,0,-0.3333333333,nomadic
माणसाला जागृत करते,3,0,0,0,0,0,-1,Awakens man
आदिवासी,2,0,1,0,0,0,0,Adivasi
हिमालय,3,0,0,0,0,0,-1,The Himalayas
भाषा-प्रेमी,3,0,0,0,0,0,-1,language-lover
धर्म,3,0,0,0,0,0,-1,religion
कर्मचाऱ्यांची संख्या,3,0,0,0,0,0,-1,Number of employees
ٹھنڈا,1,0,0,0,0,2,-0.3333333333,cold
भाषे,3,0,0,0,0,0,-1,language
अतिशय धार्मिक,3,0,0,0,0,0,-1,Very religious
गरिबी,2,1,0,0,0,0,-0.3333333333,Poverty
शीघ्रगामी,3,0,0,0,0,0,-1,prompt
धान्याचे उत्पादन,3,0,0,0,0,0,-1,Grain production
चांगले विनोद,3,0,0,0,0,0,-1,Good humor
धावक,3,0,0,0,0,0,-1,the runner
मधुर बोली,3,0,0,0,0,0,-1,sweet speech
दाढीदार,3,0,0,0,0,0,-1,bearded
कुत्रे,0,1,1,1,0,0,2,dogs
दळणवळण,2,1,0,0,0,0,-0.3333333333,Communication
अभ्यासू,3,0,0,0,0,0,-1,studious
घोडेस्वारी,3,0,0,0,0,0,-1,horse riding
संपूर्ण जगात बोलले जाते,3,0,0,0,0,0,-1,Spoken all over the world
भाषेतील अद्वितीय उच्चार,3,0,0,0,0,0,-1,Unique pronunciation of the language
शीतल,3,0,0,0,0,0,-1,cold
विनोद करणे,3,0,0,0,0,0,-1,to joke
सायकल रिक्षा चालक,3,0,0,0,0,0,-1,Cycle rickshaw driver
डोक्यावर भांडे,3,0,0,0,0,0,-1,Pot on the head
कडक शिजवलेल्या मटणात चांगले,3,0,0,0,0,0,-1,Good with hard cooked meat
चांगले खा,3,0,0,0,0,0,-1,eat well
भिंती,3,0,0,0,0,0,-1,the walls
धानाचा पिकांवर आधारित,3,0,0,0,0,0,-1,Based on paddy crops
घाईघाईची,2,1,0,0,0,0,-0.3333333333,in a hurry
कबीर,3,0,0,0,0,0,-1,Kabir
धनाढ्य,3,0,0,0,0,0,-1,wealthy
माणसाचा व्यवसाय,2,1,0,0,0,0,-0.3333333333,business of man
खान,3,0,0,0,0,0,-1,Khan
कला,3,0,0,0,0,0,-1,Art
कडक मेहनत,3,0,0,0,0,0,-1,hard work
व्यापार,3,0,0,0,0,0,-1,Trade
भाषेतील विविधता,3,0,0,0,0,0,-1,Language diversity
शिष्टाचार,3,0,0,0,0,0,-1,Etiquette
द्रुत,2,1,0,0,0,0,-0.3333333333,quickly
प्रेमी,3,0,0,0,0,0,-1,lovers
जास्त काम,3,0,0,0,0,0,-1,more work
शीर्ष,3,0,0,0,0,0,-1,top
शराबी,0,1,2,0,0,0,1.666666667,alcoholic
गोरा,2,0,0,0,1,0,0.6666666667,blonde
मितव्ययी,3,0,0,0,0,0,-1,Thrifty
सामर्थ्यशाली,3,0,0,0,0,0,-1,Powerful
मेक्सिकन,3,0,0,0,0,0,-1,Mexican
शांतीपूर्ण,3,0,0,0,0,0,-1,Peaceful
जयशंकर प्रसाद,3,0,0,0,0,0,-1,Jaishankar Prasad
मूडी,2,1,0,0,0,0,-0.3333333333,moody
माणसांसारखा माणूस,3,0,0,0,0,0,-1,A human being
शांतशील,3,0,0,0,0,0,-1,peaceful
तीक्ष्ण,3,0,0,0,0,0,-1,sharp
शिक्षणतज्ञ,3,0,0,0,0,0,-1,Educationist
पर्वतारोही,3,0,0,0,0,0,-1,Mountaineer
गायनासाठी प्रसिद्ध,3,0,0,0,0,0,-1,Famous for singing
अरबी,3,0,0,0,0,0,-1,Arabic
भेळ खाणे,3,0,0,0,0,0,-1,eating lamb
निष्पक्ष,3,0,0,0,0,0,-1,fair
माणसांशी व्यवहार,3,0,0,0,0,0,-1,Dealing with people
शांतपणे,3,0,0,0,0,0,-1,quietly
माणसाला प्रेमासाठी जन्म देतो,3,0,0,0,0,0,-1,Gives birth to man for love
लंगर,3,0,0,0,0,0,-1,Anchor
उज्ज्वल,3,0,0,0,0,0,-1,bright
गंदे,0,0,3,0,0,0,2,dirty
क्रिकेट,3,0,0,0,0,0,-1,Cricket
विलासी,2,1,0,0,0,0,-0.3333333333,luxury
भाषा,3,0,0,0,0,0,-1,language
ढोलकी,3,0,0,0,0,0,-1,the drummer
स्वप्न पाहणारा,3,0,0,0,0,0,-1,the dreamer
खेळाडू,3,0,0,0,0,0,-1,player
माणसाचा आकार,3,0,0,0,0,0,-1,human shape
लूडो,3,0,0,0,0,0,-1,Ludo
कठोर परिश्रम,3,0,0,0,0,0,-1,hard work
कट्टर,0,1,2,0,0,0,1.666666667,fanatic
भितीदायक,2,1,0,0,0,0,-0.3333333333,scary
विनोदपूर्ण,3,0,0,0,0,0,-1,funny
लाजवाब खाद्यपदार्थ,3,0,0,0,0,0,-1,Amazing food
भावनाशील,3,0,0,0,0,0,-1,emotional
परंपरागत,3,0,0,0,0,0,-1,Conventional
नारळाचे पाणी,3,0,0,0,0,0,-1,Coconut water
गर्मजोशीले,1,1,1,0,0,0,0.6666666667,warm
ڈاکٹر,0,0,0,0,0,3,0,Dr
कृषी-आधारित,3,0,0,0,0,0,-1,Agriculture-based
लांब अंतरावर चालण्यात चांगले,3,0,0,0,0,0,-1,Good at walking long distances
समुद्रकिनारी राहणे,3,0,0,0,0,0,-1,Beach living
मद्यपी,0,1,2,0,0,0,1.666666667,alcoholic
धर्मांध,2,0,1,0,0,0,0,a bigot
बोलका,3,0,0,0,0,0,-1,talkative
शांतिपूर्ण,3,0,0,0,0,0,-1,peaceful
खेळकर,3,0,0,0,0,0,-1,playful
माउंट एव्हरेस्ट चढणे,3,0,0,0,0,0,-1,Climbing Mount Everest
वनीकरण,3,0,0,0,0,0,-1,Forestry
शीर्ष खेळाडू,3,0,0,0,0,0,-1,Top players
स्कीइंग,3,0,0,0,0,0,-1,Skiing
विनोद करायला आवडते,3,0,0,0,0,0,-1,Likes to joke
नाव,3,0,0,0,0,0,-1,name
मद्य,1,2,0,0,0,0,0.3333333333,alcohol
ढाबा,3,0,0,0,0,0,-1,dhaba
मधुबनी,3,0,0,0,0,0,-1,Madhubani
पतंग उडवणे,3,0,0,0,0,0,-1,kite flying
पतंग,3,0,0,0,0,0,-1,Kite
चांगले शिष्टाचार,3,0,0,0,0,0,-1,Good manners
शिकवणी शिक्षक,3,0,0,0,0,0,-1,Teaching teacher
आद्य-अभिजात,2,0,0,1,0,0,0.3333333333,Proto-Classic
वादळी वातावरण,3,0,0,0,0,0,-1,Stormy weather
काळे,0,0,1,0,2,0,3.333333333,the black
मधुमेह,3,0,0,0,0,0,-1,Diabetes
शिकलेले,3,0,0,0,0,0,-1,Learned
कलाप्रेमी,3,0,0,0,0,0,-1,art lover
विनम्र,3,0,0,0,0,0,-1,Sincerely
आनंदी,3,0,0,0,0,0,-1,happy
पिवळा,3,0,0,0,0,0,-1,yellow
कार्यक्षम,3,0,0,0,0,0,-1,efficient
भाषेचे संशोधन,3,0,0,0,0,0,-1,Language Research
भेळ खातात,2,1,0,0,0,0,-0.3333333333,They eat sheep
